dataset,rung,model,split,train_rate,seed,auprc,auroc,best_f1,n_train,n_test,n_feats,wall_s
yelp,a,lightgbm,random,0.05,0,0.6099284488051425,0.8685848441523568,0.5822182086856579,2298,39060,32,6.75
yelp,a,xgboost,random,0.05,0,0.6022169532414261,0.8653340661182216,0.5681836106948498,2298,39060,32,1.07
yelp,aL,lightgbm,random,0.05,0,0.6072827407776913,0.8664655669175332,0.575414271220832,2298,39060,36,6.62
yelp,aL,xgboost,random,0.05,0,0.5887983681032389,0.8612999559933205,0.560220904734833,2298,39060,36,1.08
yelp,b0,lightgbm,random,0.05,0,0.7005191020911896,0.9029831039421935,0.6418026418026418,2298,39060,132,6.69
yelp,b0,xgboost,random,0.05,0,0.6869395732167958,0.9002317007756919,0.6341679200212333,2298,39060,132,1.36
yelp,b,lightgbm,random,0.05,0,0.7024455897903706,0.903154258916301,0.64169133192389,2298,39060,136,6.63
yelp,b,xgboost,random,0.05,0,0.6837426474947349,0.8985982625608719,0.6323225361819435,2298,39060,136,1.35
yelp,a,lightgbm,random,0.05,1,0.6045849300248494,0.8654705382868008,0.571576138417836,2298,39060,32,6.71
yelp,a,xgboost,random,0.05,1,0.5945469778984396,0.8648280935475124,0.5616306534861342,2298,39060,32,1.03
yelp,aL,lightgbm,random,0.05,1,0.6023434699047381,0.8650780857952113,0.5673230441724321,2298,39060,36,6.58
yelp,aL,xgboost,random,0.05,1,0.5768085206155025,0.8563649004835456,0.5478396326965648,2298,39060,36,1.06
yelp,b0,lightgbm,random,0.05,1,0.6955367061651022,0.9036954130788908,0.6370015099031885,2298,39060,132,6.6
yelp,b0,xgboost,random,0.05,1,0.6928829096301001,0.905770493620351,0.6405693950177935,2298,39060,132,1.36
yelp,b,lightgbm,random,0.05,1,0.6881666434414839,0.9017086018873389,0.6317385444743936,2298,39060,136,6.52
yelp,b,xgboost,random,0.05,1,0.6787594430276686,0.9010999822521786,0.6298850574712643,2298,39060,136,1.36
yelp,a,lightgbm,random,0.05,2,0.6324925975485354,0.8730183317179958,0.5846737606203085,2298,39060,32,7.61
yelp,a,xgboost,random,0.05,2,0.640347916522881,0.8754475690433132,0.5909398242055443,2298,39060,32,1.04
yelp,aL,lightgbm,random,0.05,2,0.6240410224494958,0.8737259063429658,0.5798971318978292,2298,39060,36,6.68
yelp,aL,xgboost,random,0.05,2,0.62017039649154,0.867037413594831,0.5747819708207679,2298,39060,36,1.05
yelp,b0,lightgbm,random,0.05,2,0.7427765505930239,0.9183553192991392,0.6723062462616424,2298,39060,132,6.76
yelp,b0,xgboost,random,0.05,2,0.7304487014690859,0.9158617728424027,0.6672486033519553,2298,39060,132,1.36
yelp,b,lightgbm,random,0.05,2,0.7390474670460623,0.9155229412032495,0.6678291194420227,2298,39060,136,6.58
yelp,b,xgboost,random,0.05,2,0.7185432965941415,0.9106345182588134,0.6515914327161021,2298,39060,136,1.36
yelp,a,lightgbm,random,0.05,3,0.6343302884919949,0.8779365710021713,0.5885291078194971,2298,39060,32,6.7
yelp,a,xgboost,random,0.05,3,0.6175801649344359,0.8685103244156579,0.577197939172345,2298,39060,32,1.05
yelp,aL,lightgbm,random,0.05,3,0.6423867852460994,0.8774013547723496,0.5907049067035245,2298,39060,36,6.51
yelp,aL,xgboost,random,0.05,3,0.6096175738710488,0.8664082882985118,0.5746854682090687,2298,39060,36,1.05
yelp,b0,lightgbm,random,0.05,3,0.7162383033296926,0.9101518514144485,0.6558062549002527,2298,39060,132,6.56
yelp,b0,xgboost,random,0.05,3,0.7112957509377942,0.9085869475000973,0.6492184010719071,2298,39060,132,1.38
yelp,b,lightgbm,random,0.05,3,0.7151562804631239,0.9106245425317631,0.6553653161552805,2298,39060,136,6.54
yelp,b,xgboost,random,0.05,3,0.7084893813575758,0.9079774939152684,0.6451949860724234,2298,39060,136,1.35
yelp,a,lightgbm,random,0.05,4,0.5946199721305314,0.8610289170728102,0.556830031282586,2298,39060,32,6.79
yelp,a,xgboost,random,0.05,4,0.5995799369114992,0.8625311428079427,0.5675430643699003,2298,39060,32,1.04
yelp,aL,lightgbm,random,0.05,4,0.5788429414479274,0.8570791255932162,0.552233956133225,2298,39060,36,7.43
yelp,aL,xgboost,random,0.05,4,0.5881640293544496,0.8603002693842166,0.5610717100078801,2298,39060,36,1.05
yelp,b0,lightgbm,random,0.05,4,0.675054017437114,0.8979183164773016,0.626274444258733,2298,39060,132,6.57
yelp,b0,xgboost,random,0.05,4,0.6744262598982418,0.8983054406638874,0.6304157165409576,2298,39060,132,1.35
yelp,b,lightgbm,random,0.05,4,0.6649754397727292,0.8957233873399314,0.6227112524714176,2298,39060,136,6.52
yelp,b,xgboost,random,0.05,4,0.679158506657578,0.8999828486110846,0.633011037905365,2298,39060,136,1.34
yelp,a,lightgbm,random,0.1,0,0.7005588987854494,0.89912473314121,0.6398044186888809,4596,36762,32,7.1
yelp,a,xgboost,random,0.1,0,0.6905425979167908,0.8975881571993862,0.6342696629213482,4596,36762,32,1.07
yelp,aL,lightgbm,random,0.1,0,0.7069503268506614,0.9037794884947888,0.6524153248195447,4596,36762,36,7.1
yelp,aL,xgboost,random,0.1,0,0.68267463867276,0.8950339585264437,0.6278166278166278,4596,36762,36,1.08
yelp,b0,lightgbm,random,0.1,0,0.7790487843079765,0.9293299307343558,0.7111671679441157,4596,36762,132,8.67
yelp,b0,xgboost,random,0.1,0,0.77470270657259,0.9308056705022605,0.7048334115438761,4596,36762,132,1.49
yelp,b,lightgbm,random,0.1,0,0.7756774718985077,0.927514129297478,0.7097640514099367,4596,36762,136,8.66
yelp,b,xgboost,random,0.1,0,0.7704879085002614,0.9292760395196124,0.7033731090857841,4596,36762,136,1.52
yelp,a,lightgbm,random,0.1,1,0.6928254136310446,0.8977940181836133,0.6319206157841046,4596,36762,32,7.04
yelp,a,xgboost,random,0.1,1,0.6799333863278144,0.8953242792715922,0.6203703703703702,4596,36762,32,1.1
yelp,aL,lightgbm,random,0.1,1,0.6942830100189941,0.8990327295636293,0.634091547318169,4596,36762,36,8.14
yelp,aL,xgboost,random,0.1,1,0.6697491883988136,0.8901662125072536,0.616015625,4596,36762,36,1.08
yelp,b0,lightgbm,random,0.1,1,0.7715609198890304,0.9298320891210055,0.6951582867783985,4596,36762,132,8.62
yelp,b0,xgboost,random,0.1,1,0.7671581198544708,0.9294761502802404,0.690062800147765,4596,36762,132,1.49
yelp,b,lightgbm,random,0.1,1,0.767338512245755,0.9285082088851371,0.6904739990796135,4596,36762,136,8.58
yelp,b,xgboost,random,0.1,1,0.7609145515746387,0.9275937058374262,0.6880554568076787,4596,36762,136,1.52
yelp,a,lightgbm,random,0.1,2,0.7219385250266541,0.9058390279068839,0.6579299789554237,4596,36762,32,7.03
yelp,a,xgboost,random,0.1,2,0.6850508992104787,0.8923923117639427,0.6264109387904928,4596,36762,32,1.07
yelp,aL,lightgbm,random,0.1,2,0.708785147767641,0.9054875849663317,0.6453248216297409,4596,36762,36,7.2
yelp,aL,xgboost,random,0.1,2,0.6761658336897698,0.8932929695841595,0.6203968620212276,4596,36762,36,1.1
yelp,b0,lightgbm,random,0.1,2,0.7967941522258618,0.9376735170937551,0.7180786190074117,4596,36762,132,8.72
yelp,b0,xgboost,random,0.1,2,0.7969047603750166,0.9394894555825946,0.7207240832322478,4596,36762,132,1.5
yelp,b,lightgbm,random,0.1,2,0.7943169259058163,0.936712449152456,0.7194396469007868,4596,36762,136,8.69
yelp,b,xgboost,random,0.1,2,0.7935833636203583,0.9377026078622622,0.7174176695587274,4596,36762,136,1.52
yelp,a,lightgbm,random,0.1,3,0.7036588452440666,0.8990464109246478,0.6418076994606658,4596,36762,32,6.97
yelp,a,xgboost,random,0.1,3,0.6827281464507842,0.8939929267244359,0.628331246646396,4596,36762,32,1.07
yelp,aL,lightgbm,random,0.1,3,0.6965552599030405,0.8972910732378807,0.636901964470345,4596,36762,36,7.08
yelp,aL,xgboost,random,0.1,3,0.6851652891517134,0.8943625648025618,0.6262772402568044,4596,36762,36,1.08
yelp,b0,lightgbm,random,0.1,3,0.7966804271788545,0.9352724024823303,0.7165921027037541,4596,36762,132,8.75
yelp,b0,xgboost,random,0.1,3,0.7862591521839757,0.9353661907147998,0.7094854070660521,4596,36762,132,1.5
yelp,b,lightgbm,random,0.1,3,0.7925577564341059,0.9343617934979583,0.7139822325222093,4596,36762,136,8.72
yelp,b,xgboost,random,0.1,3,0.784083033307374,0.9339413836269063,0.7044159544159544,4596,36762,136,1.51
yelp,a,lightgbm,random,0.1,4,0.7027949262573558,0.9020173875916646,0.6458810068649885,4596,36762,32,6.93
yelp,a,xgboost,random,0.1,4,0.6934406476993753,0.8969866182643631,0.6413694721825963,4596,36762,32,1.07
yelp,aL,lightgbm,random,0.1,4,0.7106791950109987,0.9088109043498211,0.653719806763285,4596,36762,36,7.08
yelp,aL,xgboost,random,0.1,4,0.6858026934410558,0.8973038071527312,0.6272475795297372,4596,36762,36,1.08
yelp,b0,lightgbm,random,0.1,4,0.780459490485353,0.931658497187941,0.7058149527356059,4596,36762,132,8.7
yelp,b0,xgboost,random,0.1,4,0.7780905799238256,0.9326311936902278,0.7088229807871665,4596,36762,132,1.49
yelp,b,lightgbm,random,0.1,4,0.776239948523665,0.9311373779603678,0.7037682222425965,4596,36762,136,8.58
yelp,b,xgboost,random,0.1,4,0.7688663190451028,0.9297401093785487,0.7005342581310338,4596,36762,136,1.52
yelp,a,lightgbm,random,0.2,0,0.7719698512093001,0.927862247394608,0.7007053374039374,9190,32168,32,7.07
yelp,a,xgboost,random,0.2,0,0.7429566372188583,0.9182225124062545,0.6720647773279352,9190,32168,32,1.09
yelp,aL,lightgbm,random,0.2,0,0.7693252342865305,0.9279437682735244,0.6963770439243347,9190,32168,36,7.31
yelp,aL,xgboost,random,0.2,0,0.7435459840862603,0.9179004170015512,0.6756816670361339,9190,32168,36,1.11
yelp,b0,lightgbm,random,0.2,0,0.8426405460224207,0.9536010953368159,0.7614224375206431,9190,32168,132,9.11
yelp,b0,xgboost,random,0.2,0,0.8328706450844231,0.9509490210008554,0.7541573033707866,9190,32168,132,1.67
yelp,b,lightgbm,random,0.2,0,0.8360703209405566,0.951953013345052,0.754520244037715,9190,32168,136,9.19
yelp,b,xgboost,random,0.2,0,0.8272149810134274,0.9491515307544909,0.7462848465126369,9190,32168,136,1.8
yelp,a,lightgbm,random,0.2,1,0.7688085797766671,0.9259558369743035,0.6971561969439728,9190,32168,32,7.27
yelp,a,xgboost,random,0.2,1,0.7452311757794042,0.9180123953757025,0.6796479647964796,9190,32168,32,1.07
yelp,aL,lightgbm,random,0.2,1,0.7658519908816617,0.9269346088938564,0.696236850666956,9190,32168,36,7.26
yelp,aL,xgboost,random,0.2,1,0.7415014326730394,0.9188951919458742,0.6723321858864028,9190,32168,36,1.13
yelp,b0,lightgbm,random,0.2,1,0.8440114789643771,0.9541774532422977,0.7663019693654266,9190,32168,132,9.08
yelp,b0,xgboost,random,0.2,1,0.8302136886272081,0.9513662085342681,0.7497590748474141,9190,32168,132,1.64
yelp,b,lightgbm,random,0.2,1,0.8389406100783767,0.9526902341379871,0.7566149136234419,9190,32168,136,9.1
yelp,b,xgboost,random,0.2,1,0.8183510090087884,0.948107847951826,0.7414907367514003,9190,32168,136,1.67
yelp,a,lightgbm,random,0.2,2,0.7862367461900223,0.9295858505900645,0.7088551966600748,9190,32168,32,7.22
yelp,a,xgboost,random,0.2,2,0.7706573183014411,0.9261437100727838,0.6931572109138154,9190,32168,32,1.09
yelp,aL,lightgbm,random,0.2,2,0.7884885705631788,0.9349244565407028,0.7099927212228345,9190,32168,36,7.23
yelp,aL,xgboost,random,0.2,2,0.7700801611434485,0.9275881416100151,0.6940874035989717,9190,32168,36,1.09
yelp,b0,lightgbm,random,0.2,2,0.8589283370008031,0.9568828398674389,0.7766662920085422,9190,32168,132,9.03
yelp,b0,xgboost,random,0.2,2,0.8537031849937107,0.9567854093439113,0.7730859458306676,9190,32168,132,1.63
yelp,b,lightgbm,random,0.2,2,0.8563298196644044,0.9562523915047837,0.7746724890829695,9190,32168,136,9.0
yelp,b,xgboost,random,0.2,2,0.8488081593035196,0.9549010988945998,0.770752688172043,9190,32168,136,1.67
yelp,a,lightgbm,random,0.2,3,0.7634492805256023,0.9243577055859916,0.6940369393139841,9190,32168,32,7.1
yelp,a,xgboost,random,0.2,3,0.7458560543596066,0.9159155828109415,0.6783600087700066,9190,32168,32,1.07
yelp,aL,lightgbm,random,0.2,3,0.7640943441689091,0.9265307863957185,0.6964778624268522,9190,32168,36,7.23
yelp,aL,xgboost,random,0.2,3,0.7514280473449204,0.9204740792397261,0.6764290042415674,9190,32168,36,1.1
yelp,b0,lightgbm,random,0.2,3,0.8502797311891402,0.9543086912742684,0.766156937158165,9190,32168,132,8.92
yelp,b0,xgboost,random,0.2,3,0.8380027778920519,0.9498931443057448,0.7581091553193844,9190,32168,132,1.66
yelp,b,lightgbm,random,0.2,3,0.8475361600784684,0.9538565056353836,0.7631608112601129,9190,32168,136,8.95
yelp,b,xgboost,random,0.2,3,0.8314054046662683,0.9488699779022078,0.7484402852049912,9190,32168,136,1.74
yelp,a,lightgbm,random,0.2,4,0.7751827921026626,0.9280113755087314,0.7011005775307835,9190,32168,32,7.18
yelp,a,xgboost,random,0.2,4,0.7478176367853984,0.9201355956170965,0.6850722311396469,9190,32168,32,1.1
yelp,aL,lightgbm,random,0.2,4,0.782522379630721,0.931661061211348,0.7099827882960412,9190,32168,36,7.31
yelp,aL,xgboost,random,0.2,4,0.7560330930146387,0.9235700244895693,0.6881363435148296,9190,32168,36,1.09
yelp,b0,lightgbm,random,0.2,4,0.8516426887088943,0.9540225511216684,0.7738814993954051,9190,32168,132,9.19
yelp,b0,xgboost,random,0.2,4,0.8442398540144482,0.9523762394620879,0.7680175246440306,9190,32168,132,1.69
yelp,b,lightgbm,random,0.2,4,0.8466240872464826,0.9527233685311167,0.7672338568935427,9190,32168,136,9.13
yelp,b,xgboost,random,0.2,4,0.8358561900744429,0.9507778434966586,0.7571705844295881,9190,32168,136,1.68
yelp,a,lightgbm,random,0.4,0,0.8297965351654142,0.9470002918614826,0.7449075524913821,18382,22976,32,7.18
yelp,a,xgboost,random,0.4,0,0.7940068836239117,0.9385623494049973,0.7151388474171394,18382,22976,32,1.1
yelp,aL,lightgbm,random,0.4,0,0.8258912375270152,0.9479712820017147,0.744312491057376,18382,22976,36,7.35
yelp,aL,xgboost,random,0.4,0,0.79258007924844,0.9382421667410812,0.7137174009135111,18382,22976,36,1.13
yelp,b0,lightgbm,random,0.4,0,0.8978782628592866,0.9703320331676198,0.8170161411977673,18382,22976,132,9.42
yelp,b0,xgboost,random,0.4,0,0.8834258044918054,0.9664500862861654,0.802147010585955,18382,22976,132,1.83
yelp,b,lightgbm,random,0.4,0,0.892675340288444,0.9688876452892624,0.8121705076065672,18382,22976,136,9.35
yelp,b,xgboost,random,0.4,0,0.8743810266908122,0.9641221660283609,0.7960813865862848,18382,22976,136,1.87
yelp,a,lightgbm,random,0.4,1,0.8238230183487448,0.9454616576816899,0.7463325183374082,18382,22976,32,7.16
yelp,a,xgboost,random,0.4,1,0.8077038289967272,0.9399704300322355,0.7315616601970738,18382,22976,32,1.09
yelp,aL,lightgbm,random,0.4,1,0.8250468883442227,0.946036380109704,0.7444512946979039,18382,22976,36,7.26
yelp,aL,xgboost,random,0.4,1,0.7983360820108845,0.9387452738790198,0.7204718298929069,18382,22976,36,1.13
yelp,b0,lightgbm,random,0.4,1,0.8914377785752228,0.9669926050977455,0.8169574533210896,18382,22976,132,9.35
yelp,b0,xgboost,random,0.4,1,0.871274835258803,0.9620069788028505,0.7889710412815774,18382,22976,132,1.91
yelp,b,lightgbm,random,0.4,1,0.8890436933535533,0.966684817241197,0.812809405940594,18382,22976,136,9.6
yelp,b,xgboost,random,0.4,1,0.8656064104491948,0.959798773315281,0.7807536592961695,18382,22976,136,1.88
yelp,a,lightgbm,random,0.4,2,0.8256561423793184,0.9451310023589949,0.7483200977397678,18382,22976,32,7.16
yelp,a,xgboost,random,0.4,2,0.800227658843616,0.939281660121293,0.7228458959031928,18382,22976,32,1.1
yelp,aL,lightgbm,random,0.4,2,0.8251701199225114,0.9459878229751186,0.7458359037631092,18382,22976,36,7.3
yelp,aL,xgboost,random,0.4,2,0.8033354191179762,0.9398856114119731,0.7261669454158431,18382,22976,36,1.14
yelp,b0,lightgbm,random,0.4,2,0.8930357842385382,0.967447788189721,0.8151069315941151,18382,22976,132,9.46
yelp,b0,xgboost,random,0.4,2,0.8765460906263777,0.9633030713920768,0.7995761429003936,18382,22976,132,1.92
yelp,b,lightgbm,random,0.4,2,0.8939100852053252,0.9674564226032225,0.8190072639225183,18382,22976,136,9.59
yelp,b,xgboost,random,0.4,2,0.8668097455147264,0.9604905561178602,0.7883804466656256,18382,22976,136,1.92
yelp,a,lightgbm,random,0.4,3,0.8302454182017261,0.9476846835450838,0.7506365134042234,18382,22976,32,7.28
yelp,a,xgboost,random,0.4,3,0.8024047700178776,0.9400903736296834,0.724475122231809,18382,22976,32,1.12
yelp,aL,lightgbm,random,0.4,3,0.8226823001702029,0.9466664939783966,0.737304258744329,18382,22976,36,7.29
yelp,aL,xgboost,random,0.4,3,0.7976957422454148,0.9387647547024145,0.7147490347490347,18382,22976,36,1.14
yelp,b0,lightgbm,random,0.4,3,0.8889995532479934,0.9652139006612862,0.8140533906106168,18382,22976,132,9.44
yelp,b0,xgboost,random,0.4,3,0.8788097616305465,0.9620545138425513,0.8019559902200488,18382,22976,132,1.85
yelp,b,lightgbm,random,0.4,3,0.8871730216263741,0.9653449423785619,0.8084515731030228,18382,22976,136,9.34
yelp,b,xgboost,random,0.4,3,0.8675276406428201,0.9603740449286062,0.7853419196565471,18382,22976,136,1.87
yelp,a,lightgbm,random,0.4,4,0.8319585466926429,0.9476584446913338,0.7501189909566873,18382,22976,32,7.23
yelp,a,xgboost,random,0.4,4,0.8097391583661263,0.941037375050426,0.7295728531031404,18382,22976,32,1.1
yelp,aL,lightgbm,random,0.4,4,0.8375743497604827,0.9509918469779339,0.7546030787805614,18382,22976,36,7.37
yelp,aL,xgboost,random,0.4,4,0.8116614073019193,0.9434379403207646,0.7280260432080498,18382,22976,36,1.15
yelp,b0,lightgbm,random,0.4,4,0.8981165283209817,0.969488728612207,0.8215704246868316,18382,22976,132,9.55
yelp,b0,xgboost,random,0.4,4,0.884837774483922,0.9668934924042485,0.8062556938961434,18382,22976,132,1.9
yelp,b,lightgbm,random,0.4,4,0.8972463025982604,0.9688893996312282,0.8200598802395209,18382,22976,136,9.64
yelp,b,xgboost,random,0.4,4,0.8789767450043071,0.9651882186204207,0.8002441629787883,18382,22976,136,1.9
amazon,a,lightgbm,random,0.05,0,0.8651370062380156,0.9538850116747625,0.8251633986928104,432,7343,25,1.58
amazon,a,xgboost,random,0.05,0,0.8660552401514985,0.9548089672524529,0.806291390728477,432,7343,25,0.69
amazon,aL,lightgbm,random,0.05,0,0.8774409997192159,0.9581420418652884,0.8277551020408163,432,7343,29,1.5
amazon,aL,xgboost,random,0.05,0,0.8666905031987091,0.9531619956836797,0.8085456039441249,432,7343,29,0.64
amazon,b0,lightgbm,random,0.05,0,0.8476709239304839,0.9500553015064002,0.8101460415065335,432,7343,104,1.47
amazon,b0,xgboost,random,0.05,0,0.8557853464143567,0.9548931592144383,0.8152580403889305,432,7343,104,0.53
amazon,b,lightgbm,random,0.05,0,0.8467183676568555,0.950709864365779,0.8121752041573868,432,7343,108,1.47
amazon,b,xgboost,random,0.05,0,0.8506670967924476,0.9532072717707908,0.8151447661469934,432,7343,108,0.53
amazon,a,lightgbm,random,0.05,1,0.8622310162626554,0.9606294238510116,0.8365079365079366,432,7343,25,1.75
amazon,a,xgboost,random,0.05,1,0.8728517523433188,0.9612170427815904,0.8589147286821704,432,7343,25,0.7
amazon,aL,lightgbm,random,0.05,1,0.8879890778959679,0.9693194141705529,0.856259659969088,432,7343,29,1.5
amazon,aL,xgboost,random,0.05,1,0.8685529772980523,0.9591870570758978,0.8538638102524866,432,7343,29,0.64
amazon,b0,lightgbm,random,0.05,1,0.8866535040783379,0.9634461354703647,0.8565088757396451,432,7343,104,1.57
amazon,b0,xgboost,random,0.05,1,0.8708675401592468,0.9535651684593841,0.8494623655913978,432,7343,104,0.58
amazon,b,lightgbm,random,0.05,1,0.8832887179383755,0.9602966446107443,0.8528301886792452,432,7343,108,1.49
amazon,b,xgboost,random,0.05,1,0.8709778283694848,0.9527165652266715,0.8511627906976744,432,7343,108,0.57
amazon,a,lightgbm,random,0.05,2,0.8832542346913957,0.9617754478559617,0.8472983555207517,432,7343,25,1.49
amazon,a,xgboost,random,0.05,2,0.9007987618022119,0.9657968267930948,0.8676358071920429,432,7343,25,0.66
amazon,aL,lightgbm,random,0.05,2,0.8952698337415872,0.96627190230714,0.848159509202454,432,7343,29,1.41
amazon,aL,xgboost,random,0.05,2,0.8996800740114081,0.9636759655125575,0.8722264728385617,432,7343,29,0.65
amazon,b0,lightgbm,random,0.05,2,0.8915872923442507,0.9687267286302259,0.844979919678715,432,7343,104,1.53
amazon,b0,xgboost,random,0.05,2,0.9042333643729391,0.9701590699860506,0.863914373088685,432,7343,104,0.53
amazon,b,lightgbm,random,0.05,2,0.8878701951057668,0.964009068153447,0.8462151394422309,432,7343,108,1.45
amazon,b,xgboost,random,0.05,2,0.8994128437769139,0.9666470470289186,0.8695652173913042,432,7343,108,0.53
amazon,a,lightgbm,random,0.05,3,0.8859934241336778,0.9604305324683444,0.8495842781557067,432,7343,25,1.64
amazon,a,xgboost,random,0.05,3,0.8874900144586239,0.9567392377662935,0.8478260869565217,432,7343,25,0.68
amazon,aL,lightgbm,random,0.05,3,0.8937965621698242,0.9631090442218011,0.8515928515928515,432,7343,29,1.54
amazon,aL,xgboost,random,0.05,3,0.8905900756549338,0.9640367728067509,0.8403614457831325,432,7343,29,0.65
amazon,b0,lightgbm,random,0.05,3,0.901129774556367,0.9722814404694915,0.8536953242835597,432,7343,104,1.58
amazon,b0,xgboost,random,0.05,3,0.9078245516097563,0.9729185396952704,0.8610897927858787,432,7343,104,0.58
amazon,b,lightgbm,random,0.05,3,0.9024366631939789,0.9726532433848403,0.8508033664881407,432,7343,108,1.61
amazon,b,xgboost,random,0.05,3,0.9081758712548031,0.9730678429825299,0.8606620477290223,432,7343,108,0.58
amazon,a,lightgbm,random,0.05,4,0.8567638274741904,0.9574637629602799,0.8413897280966767,432,7343,25,1.57
amazon,a,xgboost,random,0.05,4,0.8740252494467098,0.9542822554390594,0.8520801232665639,432,7343,25,0.68
amazon,aL,lightgbm,random,0.05,4,0.8601606148755518,0.9506962815396458,0.8505231689088193,432,7343,29,1.49
amazon,aL,xgboost,random,0.05,4,0.8605591119279193,0.9405016159251092,0.8488458674609084,432,7343,29,0.57
amazon,b0,lightgbm,random,0.05,4,0.8752598326506381,0.9551757035580536,0.842186297151655,432,7343,104,1.51
amazon,b0,xgboost,random,0.05,4,0.8629592248937575,0.9455814850987774,0.8324324324324324,432,7343,104,0.52
amazon,b,lightgbm,random,0.05,4,0.8723577569213966,0.9499010394095997,0.847926267281106,432,7343,108,1.48
amazon,b,xgboost,random,0.05,4,0.8662557929393068,0.9409639710146804,0.8434303697875688,432,7343,108,0.51
amazon,a,lightgbm,random,0.1,0,0.8866846876438602,0.9603558441014798,0.8424543946932006,864,6911,25,2.75
amazon,a,xgboost,random,0.1,0,0.8797694707371745,0.9585796901246519,0.8456486042692939,864,6911,25,0.82
amazon,aL,lightgbm,random,0.1,0,0.8953441555320608,0.9673348782806401,0.8526748971193415,864,6911,29,2.56
amazon,aL,xgboost,random,0.1,0,0.8982485329795272,0.967560000564631,0.8483412322274881,864,6911,29,0.73
amazon,b0,lightgbm,random,0.1,0,0.9017213275998768,0.9706177696198329,0.8589951377633711,864,6911,104,2.67
amazon,b0,xgboost,random,0.1,0,0.8949592499011959,0.9693960249002282,0.8517915309446253,864,6911,104,0.68
amazon,b,lightgbm,random,0.1,0,0.899550823309387,0.9700100611407786,0.8521008403361344,864,6911,108,2.7
amazon,b,xgboost,random,0.1,0,0.8953250999162953,0.9691797858198758,0.8484349258649094,864,6911,108,0.66
amazon,a,lightgbm,random,0.1,1,0.8887318400032634,0.9745867363304532,0.8652138821630347,864,6911,25,2.71
amazon,a,xgboost,random,0.1,1,0.8845855535558065,0.9741509726012794,0.8667211774325428,864,6911,25,0.82
amazon,aL,lightgbm,random,0.1,1,0.9087117714424993,0.9757611445265593,0.8670427074939564,864,6911,29,2.45
amazon,aL,xgboost,random,0.1,1,0.9092808602173271,0.9731708996957319,0.8594771241830066,864,6911,29,0.74
amazon,b0,lightgbm,random,0.1,1,0.8999801446755954,0.9727171261838389,0.8625893566322479,864,6911,104,2.62
amazon,b0,xgboost,random,0.1,1,0.8930545939435297,0.9717708824647507,0.8691437802907915,864,6911,104,0.7
amazon,b,lightgbm,random,0.1,1,0.8964406921135692,0.9725718310448739,0.8633791430881164,864,6911,108,2.65
amazon,b,xgboost,random,0.1,1,0.8955261908790232,0.9711871464667483,0.8708367181153535,864,6911,108,0.7
amazon,a,lightgbm,random,0.1,2,0.8912993957547977,0.972923386871063,0.8397185301016419,864,6911,25,3.17
amazon,a,xgboost,random,0.1,2,0.8944442463503074,0.9775015223133906,0.8288288288288289,864,6911,25,0.9
amazon,aL,lightgbm,random,0.1,2,0.9044894116827081,0.9735757547437525,0.8575827559661279,864,6911,29,2.69
amazon,aL,xgboost,random,0.1,2,0.9008004780546602,0.9755647405447423,0.859554873369148,864,6911,29,0.78
amazon,b0,lightgbm,random,0.1,2,0.9110585254692779,0.9789594628996041,0.835820895522388,864,6911,104,3.03
amazon,b0,xgboost,random,0.1,2,0.9170861693580147,0.980326746133616,0.8466557911908646,864,6911,104,0.76
amazon,b,lightgbm,random,0.1,2,0.909782413155614,0.9788253630309781,0.8408225437928409,864,6911,108,2.99
amazon,b,xgboost,random,0.1,2,0.9164898950159045,0.980110872116427,0.8573680063041765,864,6911,108,0.74
amazon,a,lightgbm,random,0.1,3,0.9009310822481893,0.9692259054661636,0.8525896414342629,864,6911,25,3.08
amazon,a,xgboost,random,0.1,3,0.8975997132542353,0.9686132077905452,0.8539682539682539,864,6911,25,0.89
amazon,aL,lightgbm,random,0.1,3,0.9083868011898628,0.9739892496199691,0.8664031620553359,864,6911,29,2.92
amazon,aL,xgboost,random,0.1,3,0.9052121953382932,0.971167676431376,0.8610441767068272,864,6911,29,0.81
amazon,b0,lightgbm,random,0.1,3,0.9097246508094196,0.9775150296504301,0.8615136876006442,864,6911,104,2.92
amazon,b0,xgboost,random,0.1,3,0.9180694767532817,0.9808862662751242,0.8536782538399353,864,6911,104,0.72
amazon,b,lightgbm,random,0.1,3,0.9137084504441255,0.9779725754816764,0.8564356435643564,864,6911,108,2.93
amazon,b,xgboost,random,0.1,3,0.9168243728825374,0.9795018250724407,0.8564814814814815,864,6911,108,0.73
amazon,a,lightgbm,random,0.1,4,0.8915298920698871,0.9689108559562976,0.8603896103896104,864,6911,25,2.8
amazon,a,xgboost,random,0.1,4,0.8955433845946369,0.9691225925909701,0.8669871794871795,864,6911,25,0.82
amazon,aL,lightgbm,random,0.1,4,0.9032325470771464,0.9709738278917018,0.8601626016260163,864,6911,29,2.53
amazon,aL,xgboost,random,0.1,4,0.9020271152111506,0.9679867594024452,0.8734177215189873,864,6911,29,0.71
amazon,b0,lightgbm,random,0.1,4,0.9001811934994595,0.9685147624241947,0.8537815126050421,864,6911,104,2.76
amazon,b0,xgboost,random,0.1,4,0.9021161807201509,0.9696380617774486,0.8589951377633711,864,6911,104,0.74
amazon,b,lightgbm,random,0.1,4,0.898020593210726,0.9667201119137633,0.854045037531276,864,6911,108,2.7
amazon,b,xgboost,random,0.1,4,0.9008156074610093,0.9678984141169438,0.8589951377633711,864,6911,108,0.69
amazon,a,lightgbm,random,0.2,0,0.894854853916462,0.9682704042715484,0.8468125594671742,1728,6047,25,4.51
amazon,a,xgboost,random,0.2,0,0.8862064620191261,0.9681745804729214,0.8525519848771266,1728,6047,25,0.97
amazon,aL,lightgbm,random,0.2,0,0.9089271624236358,0.9743357487922706,0.8501362397820164,1728,6047,29,4.18
amazon,aL,xgboost,random,0.2,0,0.905571032728097,0.9726188660055937,0.8555758683729434,1728,6047,29,0.93
amazon,b0,lightgbm,random,0.2,0,0.9231209022975058,0.9807907449783879,0.8634686346863469,1728,6047,104,4.49
amazon,b0,xgboost,random,0.2,0,0.9147011235126747,0.9782211416221714,0.8552253116011506,1728,6047,104,0.9
amazon,b,lightgbm,random,0.2,0,0.9227980092476533,0.9807405288583779,0.8602941176470589,1728,6047,108,4.37
amazon,b,xgboost,random,0.2,0,0.9149423161207705,0.9770353419781337,0.8576779026217228,1728,6047,108,0.9
amazon,a,lightgbm,random,0.2,1,0.8950314246298446,0.9726573226544624,0.8576675849403123,1728,6047,25,4.65
amazon,a,xgboost,random,0.2,1,0.8902200643882937,0.972816075514874,0.8512628624883068,1728,6047,25,0.97
amazon,aL,lightgbm,random,0.2,1,0.9113000851410243,0.9797880116959065,0.8584558823529412,1728,6047,29,4.13
amazon,aL,xgboost,random,0.2,1,0.9162085869163641,0.9799027459954233,0.8592870544090057,1728,6047,29,0.93
amazon,b0,lightgbm,random,0.2,1,0.9139616492857525,0.9827475845410628,0.8636363636363636,1728,6047,104,4.38
amazon,b0,xgboost,random,0.2,1,0.9110710647310821,0.9797676709890669,0.8647654093836247,1728,6047,104,0.91
amazon,b,lightgbm,random,0.2,1,0.9111595335415997,0.981293224002034,0.8651162790697675,1728,6047,108,4.39
amazon,b,xgboost,random,0.2,1,0.9157669411155123,0.9803670861937452,0.8652094717668488,1728,6047,108,0.91
amazon,a,lightgbm,random,0.2,2,0.8973523045658047,0.9774958682939232,0.8397790055248618,1728,6047,25,4.72
amazon,a,xgboost,random,0.2,2,0.9008977663293616,0.9783371472158658,0.8445692883895131,1728,6047,25,0.97
amazon,aL,lightgbm,random,0.2,2,0.917453317997325,0.9833250699211797,0.8622540250447227,1728,6047,29,4.21
amazon,aL,xgboost,random,0.2,2,0.9158836913762868,0.9811622807017544,0.8659420289855072,1728,6047,29,0.92
amazon,b0,lightgbm,random,0.2,2,0.9219496830923293,0.9838977879481312,0.8533568904593639,1728,6047,104,4.44
amazon,b0,xgboost,random,0.2,2,0.924001050221869,0.9838180142384947,0.8568807339449541,1728,6047,104,0.92
amazon,b,lightgbm,random,0.2,2,0.9262222034412492,0.9833021866259853,0.8650137741046832,1728,6047,108,4.41
amazon,b,xgboost,random,0.2,2,0.9256281648146214,0.9834900203407069,0.8623853211009174,1728,6047,108,0.91
amazon,a,lightgbm,random,0.2,3,0.8813437623949584,0.9663640986524282,0.8499534016775396,1728,6047,25,4.56
amazon,a,xgboost,random,0.2,3,0.8945184062031275,0.9661568777015002,0.8576744186046512,1728,6047,25,0.97
amazon,aL,lightgbm,random,0.2,3,0.9090563287350328,0.9786149249936436,0.8563432835820896,1728,6047,29,4.06
amazon,aL,xgboost,random,0.2,3,0.9097833056664205,0.9802822273073989,0.8603351955307262,1728,6047,29,0.94
amazon,b0,lightgbm,random,0.2,3,0.9060698967242579,0.9766679379608441,0.8541862652869239,1728,6047,104,4.32
amazon,b0,xgboost,random,0.2,3,0.9095003069073486,0.9745960462751081,0.8603561387066543,1728,6047,104,0.89
amazon,b,lightgbm,random,0.2,3,0.9062757924958285,0.9748280574624968,0.8579439252336449,1728,6047,108,4.33
amazon,b,xgboost,random,0.2,3,0.9100861563752037,0.9754303330790746,0.8619718309859155,1728,6047,108,0.91
amazon,a,lightgbm,random,0.2,4,0.8909213323002089,0.9695995423340962,0.854764107308048,1728,6047,25,4.61
amazon,a,xgboost,random,0.2,4,0.9002733479571564,0.9704904017289602,0.8542246982358404,1728,6047,25,0.96
amazon,aL,lightgbm,random,0.2,4,0.908944876931415,0.974257564200356,0.8540734109221129,1728,6047,29,4.2
amazon,aL,xgboost,random,0.2,4,0.9111287088239779,0.9748827231121281,0.8642659279778393,1728,6047,29,0.9
amazon,b0,lightgbm,random,0.2,4,0.9134072416629303,0.9779948512585812,0.8574040219378427,1728,6047,104,4.31
amazon,b0,xgboost,random,0.2,4,0.9146150578997191,0.975307335367404,0.8590476190476192,1728,6047,104,0.88
amazon,b,lightgbm,random,0.2,4,0.916024669628154,0.9793131833206203,0.8581623550401427,1728,6047,108,4.24
amazon,b,xgboost,random,0.2,4,0.9165429465346213,0.9770973175692855,0.8605947955390335,1728,6047,108,0.88
amazon,a,lightgbm,random,0.4,0,0.9069610729822861,0.9764172640465978,0.8556430446194225,3455,4320,25,5.68
amazon,a,xgboost,random,0.4,0,0.904452218567073,0.9739847964551205,0.856020942408377,3455,4320,25,1.0
amazon,aL,lightgbm,random,0.4,0,0.929529691360432,0.9846501833998403,0.8668407310704961,3455,4320,29,4.92
amazon,aL,xgboost,random,0.4,0,0.931265677382436,0.985622423517007,0.8640406607369759,3455,4320,29,1.0
amazon,b0,lightgbm,random,0.4,0,0.9334569921398957,0.9864639527349389,0.8692403486924034,3455,4320,104,5.27
amazon,b0,xgboost,random,0.4,0,0.9361861268923473,0.9861191249340999,0.8785529715762274,3455,4320,104,1.11
amazon,b,lightgbm,random,0.4,0,0.9397233775856035,0.9870048468846302,0.8836045056320401,3455,4320,108,5.09
amazon,b,xgboost,random,0.4,0,0.9418661800863701,0.9873347362969851,0.885117493472585,3455,4320,108,1.1
amazon,a,lightgbm,random,0.4,1,0.9062674256695884,0.9750535136645798,0.8756345177664974,3455,4320,25,5.65
amazon,a,xgboost,random,0.4,1,0.9093470662393226,0.9802660775962141,0.88,3455,4320,25,1.0
amazon,aL,lightgbm,random,0.4,1,0.9293950495791441,0.9813201676336161,0.8792884371029226,3455,4320,29,4.96
amazon,aL,xgboost,random,0.4,1,0.9276813265182524,0.9816015072833979,0.8745046235138706,3455,4320,29,0.99
amazon,b0,lightgbm,random,0.4,1,0.9324891168317812,0.9857357062963441,0.8754716981132076,3455,4320,104,5.24
amazon,b0,xgboost,random,0.4,1,0.9296526632838912,0.9863046099244429,0.88,3455,4320,104,1.1
amazon,b,lightgbm,random,0.4,1,0.9323903728540867,0.9848281991959414,0.8830486202365309,3455,4320,108,5.0
amazon,b,xgboost,random,0.4,1,0.9329841797344876,0.9859068753310565,0.881664499349805,3455,4320,108,1.16
amazon,a,lightgbm,random,0.4,2,0.8978883343180196,0.9787071945146237,0.8523316062176165,3455,4320,25,5.69
amazon,a,xgboost,random,0.4,2,0.8954699931350798,0.9785322908827904,0.851228978007762,3455,4320,25,0.98
amazon,aL,lightgbm,random,0.4,2,0.9169200618818523,0.9839238042598061,0.8542199488491049,3455,4320,29,5.0
amazon,aL,xgboost,random,0.4,2,0.9174578432276824,0.9822958311314771,0.8564167725540025,3455,4320,29,0.98
amazon,b0,lightgbm,random,0.4,2,0.9273435672941147,0.9864415451522129,0.8534031413612565,3455,4320,104,5.11
amazon,b0,xgboost,random,0.4,2,0.9282892881091773,0.9861795009208894,0.8531994981179424,3455,4320,104,1.1
amazon,b,lightgbm,random,0.4,2,0.9339737545098791,0.9869936430932672,0.8600508905852418,3455,4320,108,4.97
amazon,b,xgboost,random,0.4,2,0.9296843307307227,0.9864017094495888,0.8582089552238805,3455,4320,108,1.11
amazon,a,lightgbm,random,0.4,3,0.9094658279107662,0.9783573872509568,0.8740359897172236,3455,4320,25,5.62
amazon,a,xgboost,random,0.4,3,0.9106843149846413,0.9803214741201756,0.8746736292428199,3455,4320,25,0.97
amazon,aL,lightgbm,random,0.4,3,0.9309563379768047,0.9876428405594676,0.8767471410419314,3455,4320,29,4.85
amazon,aL,xgboost,random,0.4,3,0.9289845925598255,0.9856840443695035,0.8794871794871795,3455,4320,29,0.98
amazon,b0,lightgbm,random,0.4,3,0.9323989916984524,0.9853043603288686,0.8831168831168832,3455,4320,104,5.11
amazon,b0,xgboost,random,0.4,3,0.9312167985667097,0.9846900191024642,0.8774703557312253,3455,4320,104,1.17
amazon,b,lightgbm,random,0.4,3,0.9323325983568196,0.9852551881334422,0.8805194805194805,3455,4320,108,5.2
amazon,b,xgboost,random,0.4,3,0.9328255945029014,0.9844777694994208,0.8772378516624041,3455,4320,108,1.12
amazon,a,lightgbm,random,0.4,4,0.898482691241971,0.9708520919034557,0.8556430446194225,3455,4320,25,5.84
amazon,a,xgboost,random,0.4,4,0.9041185038275036,0.9727032072097642,0.858257477243173,3455,4320,25,0.98
amazon,aL,lightgbm,random,0.4,4,0.9177999427561525,0.9795026637013966,0.8531289910600255,3455,4320,29,4.98
amazon,aL,xgboost,random,0.4,4,0.9173900339332111,0.9782266763517219,0.8599752168525403,3455,4320,29,1.08
amazon,b0,lightgbm,random,0.4,4,0.9253714484724195,0.9822675104366427,0.8589580686149936,3455,4320,104,5.3
amazon,b0,xgboost,random,0.4,4,0.9254853929692862,0.981582834297793,0.8680641183723797,3455,4320,104,1.09
amazon,b,lightgbm,random,0.4,4,0.9292808114453214,0.9828457505575441,0.8683544303797468,3455,4320,108,5.17
amazon,b,xgboost,random,0.4,4,0.9252571253158778,0.9815685183421624,0.863920099875156,3455,4320,108,1.1
elliptic,a,lightgbm,temporal,-1.0,0,0.7905971422865573,0.9216258002250022,0.8171122994652406,26381,16670,165,7.61
elliptic,a,xgboost,temporal,-1.0,0,0.7868804562435043,0.9190172623550854,0.8172615876398508,26381,16670,165,1.83
elliptic,aL,lightgbm,temporal,-1.0,0,0.7782135718692554,0.9128954266823082,0.8159574468085106,26381,16670,169,6.53
elliptic,aL,xgboost,temporal,-1.0,0,0.7789309172093584,0.9162672613332097,0.8191603875134552,26381,16670,169,1.78
elliptic,b0,lightgbm,temporal,-1.0,0,0.7939012031405909,0.9272342099605817,0.823093220338983,26381,16670,661,13.59
elliptic,b0,xgboost,temporal,-1.0,0,0.7998960214222546,0.9278112291530675,0.8184713375796179,26381,16670,661,6.03
elliptic,b,lightgbm,temporal,-1.0,0,0.7851481078788771,0.9191129336241028,0.8223295759527643,26381,16670,665,11.98
elliptic,b,xgboost,temporal,-1.0,0,0.7890480240566573,0.9281371927182495,0.8257858284496538,26381,16670,665,5.58
elliptic,a,lightgbm,temporal,-1.0,1,0.7905971422865573,0.9216258002250022,0.8171122994652406,26381,16670,165,7.63
elliptic,a,xgboost,temporal,-1.0,1,0.7868804562435043,0.9190172623550854,0.8172615876398508,26381,16670,165,1.82
elliptic,aL,lightgbm,temporal,-1.0,1,0.7782135718692554,0.9128954266823082,0.8159574468085106,26381,16670,169,6.47
elliptic,aL,xgboost,temporal,-1.0,1,0.7789309172093584,0.9162672613332097,0.8191603875134552,26381,16670,169,1.78
elliptic,b0,lightgbm,temporal,-1.0,1,0.7939012031405909,0.9272342099605817,0.823093220338983,26381,16670,661,13.39
elliptic,b0,xgboost,temporal,-1.0,1,0.7998960214222546,0.9278112291530675,0.8184713375796179,26381,16670,661,6.0
elliptic,b,lightgbm,temporal,-1.0,1,0.7851481078788771,0.9191129336241028,0.8223295759527643,26381,16670,665,11.99
elliptic,b,xgboost,temporal,-1.0,1,0.7890480240566573,0.9281371927182495,0.8257858284496538,26381,16670,665,5.64
elliptic,a,lightgbm,temporal,-1.0,2,0.7905971422865573,0.9216258002250022,0.8171122994652406,26381,16670,165,7.59
elliptic,a,xgboost,temporal,-1.0,2,0.7868804562435043,0.9190172623550854,0.8172615876398508,26381,16670,165,1.82
elliptic,aL,lightgbm,temporal,-1.0,2,0.7782135718692554,0.9128954266823082,0.8159574468085106,26381,16670,169,6.46
elliptic,aL,xgboost,temporal,-1.0,2,0.7789309172093584,0.9162672613332097,0.8191603875134552,26381,16670,169,1.77
elliptic,b0,lightgbm,temporal,-1.0,2,0.7939012031405909,0.9272342099605817,0.823093220338983,26381,16670,661,13.38
elliptic,b0,xgboost,temporal,-1.0,2,0.7998960214222546,0.9278112291530675,0.8184713375796179,26381,16670,661,5.98
elliptic,b,lightgbm,temporal,-1.0,2,0.7851481078788771,0.9191129336241028,0.8223295759527643,26381,16670,665,11.97
elliptic,b,xgboost,temporal,-1.0,2,0.7890480240566573,0.9281371927182495,0.8257858284496538,26381,16670,665,5.61
elliptic,a,lightgbm,temporal,-1.0,3,0.7905971422865573,0.9216258002250022,0.8171122994652406,26381,16670,165,7.64
elliptic,a,xgboost,temporal,-1.0,3,0.7868804562435043,0.9190172623550854,0.8172615876398508,26381,16670,165,1.82
elliptic,aL,lightgbm,temporal,-1.0,3,0.7782135718692554,0.9128954266823082,0.8159574468085106,26381,16670,169,6.47
elliptic,aL,xgboost,temporal,-1.0,3,0.7789309172093584,0.9162672613332097,0.8191603875134552,26381,16670,169,1.79
elliptic,b0,lightgbm,temporal,-1.0,3,0.7939012031405909,0.9272342099605817,0.823093220338983,26381,16670,661,13.83
elliptic,b0,xgboost,temporal,-1.0,3,0.7998960214222546,0.9278112291530675,0.8184713375796179,26381,16670,661,6.31
elliptic,b,lightgbm,temporal,-1.0,3,0.7851481078788771,0.9191129336241028,0.8223295759527643,26381,16670,665,12.05
elliptic,b,xgboost,temporal,-1.0,3,0.7890480240566573,0.9281371927182495,0.8257858284496538,26381,16670,665,5.6
elliptic,a,lightgbm,temporal,-1.0,4,0.7905971422865573,0.9216258002250022,0.8171122994652406,26381,16670,165,7.6
elliptic,a,xgboost,temporal,-1.0,4,0.7868804562435043,0.9190172623550854,0.8172615876398508,26381,16670,165,1.82
elliptic,aL,lightgbm,temporal,-1.0,4,0.7782135718692554,0.9128954266823082,0.8159574468085106,26381,16670,169,7.96
elliptic,aL,xgboost,temporal,-1.0,4,0.7789309172093584,0.9162672613332097,0.8191603875134552,26381,16670,169,1.82
elliptic,b0,lightgbm,temporal,-1.0,4,0.7939012031405909,0.9272342099605817,0.823093220338983,26381,16670,661,13.5
elliptic,b0,xgboost,temporal,-1.0,4,0.7998960214222546,0.9278112291530675,0.8184713375796179,26381,16670,661,6.06
elliptic,b,lightgbm,temporal,-1.0,4,0.7851481078788771,0.9191129336241028,0.8223295759527643,26381,16670,665,12.22
elliptic,b,xgboost,temporal,-1.0,4,0.7890480240566573,0.9281371927182495,0.8257858284496538,26381,16670,665,5.61
